file,label,p_arc,f0,f1,f2,f3,f4,f5,f6,f7,f8,f9,f10,f11,f12,f13,f14,f15,f16,f17,f18,f19,f20,f21,f22,f23,f24,f25,f26,f27,f28,f29,f30,f31,f32,f33,f34,f35,f36,f37,f38,f39,f40,f41,f42,f43,f44,f45,f46,f47,f48,f49,f50,f51,f52,f53,f54,f55,f56,f57,f58,f59,f60,f61,f62,f63,f64,f65,f66,f67,f68,f69,f70,f71,f72,f73,f74,f75,f76,f77,f78,f79,f80,f81,f82,f83,f84,f85,f86,f87,f88
arc_s1_10cm.wav,1,1.000000,-2.125507,-2.275438,-2.255562,-1.75723,-2.164476,-2.096511,-1.939097,-2.147734,-2.123322,-2.422692,-1.920621,-1.835718,-2.087387,-1.991032,-2.133111,-0.9644682,-0.9777185,-2.187527,-1.867814,-2.053063,-2.077267,-2.172579,-2.147098,-1.874245,-2.129558,-2.131515,-2.037701,-2.499229,-2.309459,-2.266536,-1.857132,-1.86519,-2.322877,-1.839101,-2.214607,-1.270902,-1.608706,-2.237,-1.841176,-1.805573,-1.782965,-1.99125,-1.973,-2.063156,-1.89287,-1.867075,-1.999768,-2.443873,-2.319142,-2.035726,-1.992168,-1.925839,-2.144871,-1.841501,-2.071569,-1.530312,-1.809468,-2.261596,-1.879048,-1.766199,-1.676168,-1.966618,-1.90217,-2.21942,-1.950162,-1.770604,-2.077336,-2.229243,-2.431299,-2.127537,-2.178986,-2.158614,-2.117029,-2.158652,-2.142185,-1.914472,-2.993109,-3.133323,-2.953089,-2.999031,-3.357854,-3.670346,-3.102916,-3.043775,-2.266829,-0.9473611,-0.3966871,-0.3239033,-0.6931656
arc_s1_10cm.wav,1,1.000000,-2.184948,-1.919696,-2.112624,-2.296281,-1.87477,-1.965578,-1.852281,-1.93808,-2.267293,-2.071423,-2.003225,-2.419689,-1.890765,-2.039086,-2.130634,-1.038095,-0.88711,-2.035664,-1.951689,-2.030773,-2.015788,-1.98766,-2.030339,-2.139412,-2.202208,-2.187034,-1.928867,-2.13042,-2.353396,-1.896814,-2.180637,-2.076833,-1.936167,-1.968352,-2.219337,-1.306863,-1.451007,-1.873438,-1.881587,-1.782151,-1.91294,-1.933398,-1.945351,-1.985779,-2.197765,-2.247296,-2.030512,-2.125117,-2.416646,-1.794899,-2.245984,-1.866134,-2.004384,-1.853671,-2.225801,-1.631039,-1.978479,-1.842905,-1.89769,-1.759479,-1.895599,-1.923404,-2.014073,-2.028078,-2.011789,-2.350335,-2.263346,-2.193691,-2.504873,-1.904312,-2.206614,-2.01921,-2.129319,-2.040831,-2.235769,-2.039439,-3.097969,-3.551865,-3.318756,-3.050145,-3.463837,-3.832433,-3.188887,-3.030892,-2.158431,-0.9687385,-0.3805084,-0.3328233,-0.6745042
arc_s1_30cm.wav,1,0.999965,-1.995254,-1.70101,-2.040965,-1.731552,-2.016475,-1.927817,-2.185821,-1.944322,-1.861722,-2.027862,-2.060936,-1.9289,-2.028715,-2.035467,-1.995217,-1.064602,-1.011774,-2.006751,-1.912676,-2.233741,-1.894168,-1.736674,-2.416364,-1.817364,-1.987071,-1.756236,-2.038634,-1.968466,-1.853929,-1.991999,-2.032685,-1.735772,-2.078946,-2.041913,-1.873547,-1.427435,-1.708074,-1.893471,-1.877547,-2.110209,-1.968199,-2.000208,-2.340882,-1.985634,-2.043355,-1.872864,-2.075413,-2.00686,-1.816426,-1.85613,-2.065646,-1.904384,-2.031342,-1.895857,-1.832223,-1.953155,-2.13255,-1.926639,-1.931285,-1.95498,-2.135337,-2.101745,-2.101163,-2.31392,-2.203169,-2.02672,-2.185959,-1.974667,-1.961389,-1.846369,-2.255456,-2.24596,-2.074546,-2.016933,-1.971918,-2.24299,-2.896585,-2.383207,-2.679957,-2.174627,-2.509371,-2.764661,-2.83982,-2.655126,-2.058698,-1.154189,-0.2040287,-0.5632465,-0.7473285
arc_s1_30cm.wav,1,0.999997,-1.88682,-1.851628,-1.932031,-2.28051,-2.169161,-1.879036,-1.669666,-2.139583,-1.998963,-2.257752,-1.992515,-1.919768,-1.983236,-2.178429,-1.688199,-1.153259,-0.9399131,-1.872953,-2.097635,-1.97291,-1.66356,-1.748969,-2.017292,-2.162693,-2.496588,-2.156439,-1.764709,-2.189425,-1.819141,-2.302168,-2.056813,-1.763614,-1.643547,-2.220074,-1.736785,-1.525199,-1.538559,-1.854403,-1.949506,-1.767175,-1.654168,-1.932691,-2.042619,-2.01653,-2.325442,-2.138308,-1.865193,-2.222847,-1.85898,-2.201075,-2.360798,-1.876116,-1.868942,-2.273828,-2.027358,-1.982662,-2.049984,-1.892359,-2.151782,-2.031287,-1.931823,-2.02607,-2.103405,-2.052172,-2.29742,-2.074836,-1.925442,-2.184225,-1.888573,-2.205759,-2.304383,-1.907326,-2.262254,-2.39874,-2.052417,-2.115721,-3.147118,-2.774549,-2.634667,-2.25266,-2.437385,-2.911714,-3.041597,-2.732964,-1.964679,-0.9767897,-0.2456026,-0.5262604,-0.7522734
arc_s1_60cm.wav,1,1.000000,-2.213844,-1.925177,-2.044996,-2.067555,-2.139945,-2.014633,-2.050336,-2.046619,-1.998851,-1.915337,-2.051443,-2.064816,-2.347486,-2.178656,-1.882355,-0.9474313,-0.9953598,-2.010835,-2.048433,-1.797281,-2.083797,-1.926164,-1.951917,-1.984913,-2.164703,-1.984278,-2.0248,-2.025966,-1.865966,-1.989609,-1.856071,-2.040224,-2.08404,-2.113247,-1.668211,-1.670866,-1.570042,-1.922712,-1.992387,-1.891084,-2.109938,-1.957975,-1.916962,-2.169847,-2.076649,-2.042026,-2.004535,-2.069033,-1.834816,-2.195386,-1.826897,-2.002951,-1.774742,-1.838146,-1.773963,-1.89887,-2.220236,-1.91866,-1.924061,-1.918426,-1.973673,-1.936121,-2.208027,-2.040647,-2.304633,-1.951651,-1.996312,-2.206703,-1.985263,-2.255366,-2.149932,-1.94731,-1.884109,-1.884903,-2.017982,-2.005425,-2.835451,-2.817533,-2.582654,-2.522221,-2.920579,-3.238029,-2.848871,-2.772056,-2.396702,-1.042674,-0.3372815,-0.3646024,-0.7200218
arc_s1_60cm.wav,1,1.000000,-2.150421,-2.300968,-2.216175,-2.127299,-2.203605,-2.040039,-1.971818,-2.231596,-2.197837,-1.835094,-2.124578,-1.950705,-2.186636,-1.840783,-2.163559,-1.074284,-0.907084,-2.220155,-2.123955,-1.88495,-1.920273,-1.927269,-1.887505,-1.765099,-1.911022,-1.98832,-1.92218,-1.8906,-1.887205,-1.656711,-1.883581,-1.671417,-2.029959,-1.728347,-2.195434,-1.69322,-1.771592,-2.05877,-1.964897,-1.883423,-1.953269,-2.00601,-2.072339,-1.885403,-1.848799,-2.055401,-1.923812,-1.888772,-1.861366,-1.773348,-1.941554,-1.955326,-2.159206,-1.791179,-2.164108,-2.337852,-2.170529,-1.957301,-1.681352,-1.986679,-2.059705,-2.015835,-2.1951,-1.897807,-1.947028,-1.961082,-2.013871,-2.006944,-2.005775,-1.984553,-2.092237,-2.226775,-2.097825,-2.140606,-2.170539,-2.505307,-3.120856,-2.551687,-2.561445,-2.330109,-2.665428,-2.939263,-2.708912,-2.69013,-2.309503,-1.057191,-0.3404953,-0.363926,-0.7000791
arc_s2_30cm.wav,1,0.999996,-1.494133,-1.95291,-1.591444,-1.902944,-1.991289,-2.047617,-2.091379,-2.32219,-2.688969,-2.307189,-2.824411,-2.177967,-2.79132,-2.485291,-2.443801,-1.284544,-1.680533,-2.024647,-2.265503,-2.180902,-2.137121,-1.698447,-1.928547,-1.447786,-1.4846,-1.629035,-1.432435,-1.600759,-1.699192,-1.713795,-1.804667,-1.767049,-1.967189,-1.910314,-2.003704,-1.75128,-1.702481,-1.915353,-2.220283,-2.43346,-2.332194,-1.982454,-2.832186,-2.205626,-1.950987,-2.244448,-2.133714,-2.696285,-2.511323,-2.318074,-2.026836,-1.947829,-1.902547,-1.573561,-1.903878,-1.518117,-1.575273,-1.528302,-1.69865,-1.893734,-1.666419,-1.656599,-2.493887,-1.831363,-1.795985,-1.939003,-2.006588,-2.188476,-2.627808,-2.065839,-2.375085,-2.239294,-2.219327,-2.034955,-2.052466,-1.912287,-2.309554,-1.786252,-1.557473,-1.332367,-1.69583,-2.285006,-2.182779,-2.383036,-1.93429,-1.014692,-0.3982458,-0.4431367,-1.163822
arc_s2_30cm.wav,1,1.000000,-1.713053,-2.002794,-2.108073,-2.050672,-2.518209,-2.611726,-2.298645,-2.218297,-2.391497,-2.516201,-2.487453,-2.581827,-2.318533,-2.671021,-2.277133,-1.201257,-1.031948,-2.030198,-2.102918,-2.118606,-1.947676,-1.996504,-2.02007,-1.909159,-1.865379,-2.140571,-1.816299,-1.634482,-1.819348,-1.884344,-1.721059,-2.075374,-1.891366,-2.099625,-1.94007,-1.498951,-1.643658,-1.968745,-2.122186,-2.169863,-1.986878,-2.231045,-2.051264,-2.203323,-2.004568,-2.283731,-2.234984,-1.984632,-2.552824,-1.93159,-1.805553,-2.077923,-1.918684,-1.901024,-1.582083,-1.396784,-1.746537,-1.639686,-1.711103,-1.903398,-1.772338,-1.853671,-1.715739,-2.070067,-2.047112,-1.976893,-2.150444,-1.896311,-2.529886,-1.879723,-1.701592,-2.116943,-2.119971,-1.964232,-1.755882,-1.713586,-2.572186,-1.90206,-2.019578,-1.71665,-1.862073,-2.321667,-2.432204,-2.563877,-2.044468,-1.017365,-0.4034383,-0.3654869,-0.8180782
notarc_s1_10cm.wav,0,0.000000,-1.953705,-2.221079,-1.889509,-1.530963,-1.784259,-1.638801,-1.586462,-1.914839,-1.887777,-2.448035,-2.20954,-1.814708,-1.740218,-1.969795,-1.586472,-1.678157,-2.16122,-1.644067,-1.586217,-1.501184,-2.062167,-1.995662,-1.820654,-1.893998,-1.87444,-1.650023,-1.58665,-1.575712,-1.712839,-1.953421,-2.220788,-1.837635,-1.832964,-1.858545,-2.084401,-1.712411,-1.860579,-1.782848,-1.678495,-1.944617,-2.026017,-1.996799,-2.172406,-2.021529,-1.772053,-1.990434,-2.049652,-2.10321,-2.201007,-2.312906,-1.897434,-1.992987,-2.100677,-2.203351,-1.841645,-2.108234,-2.056786,-1.994082,-1.87849,-2.064899,-2.39072,-2.23933,-1.545651,-2.291077,-1.962651,-1.950519,-1.690045,-2.00458,-1.845859,-2.020914,-1.927433,-2.365262,-1.864711,-2.283376,-2.298445,-2.145859,-3.138899,-2.966861,-2.350717,-1.894482,-1.667936,-1.696325,-0.7496611,-1.031174,-1.143398,-1.260823,-0.6434445,-0.5025911,-1.91703
notarc_s1_10cm.wav,0,0.000016,-1.737074,-1.61179,-1.618237,-1.731658,-1.7544,-1.841879,-1.491395,-1.741016,-1.711964,-1.78061,-1.657629,-1.799946,-1.537866,-2.034413,-1.836372,-1.637223,-1.613928,-1.880069,-1.479322,-1.749155,-2.11296,-1.836831,-1.671242,-1.892118,-1.751095,-2.077878,-1.772928,-1.766573,-1.569242,-1.82477,-1.673713,-1.840662,-1.891825,-1.820728,-2.085725,-1.735677,-1.992371,-1.855176,-2.026448,-1.878313,-2.072786,-1.870944,-2.284679,-2.174029,-2.169665,-1.98543,-1.983292,-1.971589,-2.291096,-1.953476,-1.998183,-1.848624,-2.289223,-2.077396,-2.271601,-2.081175,-2.225018,-2.319877,-2.387038,-1.899601,-2.026695,-1.926137,-2.092834,-2.084507,-2.24799,-1.954265,-1.976255,-2.089292,-2.007567,-2.209891,-2.11816,-2.022291,-2.085186,-2.308601,-2.061906,-2.425422,-3.013861,-2.963468,-2.517046,-2.331265,-2.597345,-3.132458,-2.614412,-2.62989,-2.138468,-1.038852,-0.3821649,-0.3291021,-1.546767
notarc_s1_30cm.wav,0,0.000000,-1.692855,-1.889428,-1.780264,-1.621138,-1.685918,-1.72566,-1.683677,-1.899616,-1.860966,-1.716985,-1.82864,-1.78518,-1.853567,-1.720482,-1.741643,-1.760265,-1.847464,-1.863095,-1.830754,-1.836042,-1.622604,-1.630415,-1.980233,-1.80028,-1.976331,-1.850475,-1.724536,-1.800371,-2.089333,-1.926794,-1.89996,-2.096819,-1.787608,-1.813435,-1.75265,-1.868493,-1.808005,-1.693197,-1.78327,-1.83283,-1.826905,-1.874146,-1.608664,-1.91244,-1.668424,-1.827051,-1.734753,-2.019496,-2.078793,-2.010025,-2.07979,-1.923486,-2.264374,-1.962429,-1.930234,-1.875309,-2.088148,-1.943189,-2.080641,-2.126263,-2.1332,-2.253824,-2.317947,-2.012625,-2.251393,-2.29994,-1.983284,-2.061456,-1.947117,-2.207891,-1.896835,-2.203429,-2.305535,-2.282701,-2.341212,-2.130442,-1.723773,-1.80207,-1.658512,-1.451155,-1.512538,-2.129287,-2.104916,-2.155566,-2.004593,-1.289949,-0.4231922,-0.3804629,-1.901977
notarc_s1_30cm.wav,0,0.000002,-1.816953,-1.820698,-1.707691,-1.608119,-2.061493,-1.597224,-1.632741,-1.732435,-1.569682,-1.602567,-1.736337,-1.946383,-1.643552,-1.621729,-1.835049,-2.064407,-1.563208,-1.677297,-1.706239,-1.501851,-1.915349,-1.564768,-1.580647,-1.981333,-1.806937,-2.029685,-2.058689,-1.686615,-1.933146,-1.850518,-1.678699,-1.966681,-1.779618,-1.960821,-1.984896,-1.733086,-2.200261,-1.869171,-2.072216,-2.034988,-1.846131,-2.121491,-1.879032,-2.022772,-2.07852,-2.015299,-2.256752,-2.018933,-2.008785,-2.266788,-2.121557,-2.110207,-1.692845,-1.796857,-2.222312,-2.008456,-2.024956,-1.815892,-2.194143,-2.27232,-1.988957,-2.15471,-2.162444,-1.999206,-2.488225,-2.327666,-1.898225,-2.123389,-2.17854,-2.510261,-2.220898,-2.164224,-2.240595,-1.960952,-2.245917,-1.883313,-2.466108,-2.523929,-2.475249,-2.391215,-2.535272,-2.944278,-2.681382,-2.624232,-2.25148,-1.241513,-0.3676648,-0.3134961,-1.643799
notarc_s1_60cm.wav,0,0.000000,-1.906893,-1.830046,-1.754533,-1.893616,-1.948894,-1.86629,-2.253093,-1.758465,-1.866624,-1.646891,-1.675365,-1.967011,-1.660633,-1.715239,-1.617246,-1.834996,-1.780073,-1.957002,-1.856062,-1.620611,-2.096616,-1.699885,-1.99751,-2.067568,-1.819031,-1.825464,-2.153408,-1.965408,-1.435587,-1.586326,-1.759649,-1.826778,-1.900251,-1.861107,-2.17724,-2.127228,-1.883303,-1.966324,-1.867642,-1.854954,-1.831689,-1.968578,-1.997888,-1.852616,-1.797254,-2.019581,-1.699893,-2.072141,-1.919073,-2.120073,-2.201039,-1.816892,-1.748805,-1.821503,-2.074977,-2.101133,-1.810374,-2.104784,-2.132419,-2.187848,-2.227088,-2.003767,-2.084882,-1.796428,-1.931127,-2.104523,-1.953119,-1.836348,-1.923951,-1.914761,-1.980176,-2.149848,-1.933466,-2.070736,-1.883956,-2.067025,-3.245354,-2.796144,-2.823669,-2.649249,-2.78668,-3.109356,-3.119218,-3.384605,-2.544803,-1.369744,-0.3164487,-0.3349619,-1.706258
notarc_s1_60cm.wav,0,0.000000,-1.945826,-1.936992,-2.186754,-1.656184,-1.952958,-1.921819,-1.867641,-1.990854,-1.875126,-1.916467,-1.910938,-1.884925,-1.905711,-1.947238,-1.851472,-2.120631,-1.887998,-2.008733,-2.052864,-2.235202,-2.129784,-2.134871,-2.313383,-2.135147,-2.257132,-2.217775,-2.45437,-2.444705,-2.668909,-2.197398,-2.426199,-0.5092859,-2.342598,-2.333966,-2.13342,-2.491627,-2.402925,-2.573577,-2.528057,-2.159652,-2.507351,-2.265998,-2.395837,-2.514908,-2.285517,-2.418092,-2.241959,-2.341556,-2.344571,-2.197828,-2.159083,-2.476314,-2.312488,-2.282172,-2.233462,-2.576375,-2.271982,-2.400183,-2.458722,-2.32276,-2.3964,-2.301785,-2.646721,-2.538101,-2.581796,-2.442024,-2.576549,-0.6602509,-2.500784,-2.232855,-2.311416,-2.494183,-2.505225,-2.593701,-2.605496,-2.268228,-2.285375,-2.046709,-1.852917,-1.664436,-1.740361,-2.277906,-2.411445,-2.609614,-2.320608,-1.23113,-0.3669682,-0.3692738,-1.957394
notarc_s2_30cm.wav,0,0.000000,-1.705546,-1.542942,-1.499056,-1.702696,-1.782768,-1.738931,-1.975741,-2.018562,-2.069844,-2.043846,-1.963671,-2.074856,-1.779662,-1.922147,-1.895662,-1.971721,-1.822099,-1.776225,-1.941894,-1.947852,-1.719589,-2.003625,-1.867007,-1.946987,-1.906326,-1.999674,-1.77259,-1.582287,-1.716743,-1.927263,-1.902234,-2.040309,-1.939088,-1.848459,-1.567422,-1.7713,-1.866022,-1.997752,-1.925021,-1.972255,-2.151634,-2.24448,-2.056955,-1.866323,-1.857335,-2.095184,-1.868677,-1.761597,-1.704629,-1.925678,-1.764845,-1.650942,-1.899138,-1.692791,-2.101762,-1.846428,-2.167759,-1.777725,-1.942168,-1.895208,-1.938012,-1.974916,-1.779032,-1.956688,-1.97868,-2.09518,-2.045943,-2.003793,-2.210093,-1.9459,-2.049579,-2.035997,-2.013553,-2.266765,-2.209178,-2.083098,-2.503154,-2.184041,-1.589369,-1.500092,-1.212837,-0.9949704,-0.4649072,-0.6794783,-0.7333546,-1.562462,-2.214155,-3.593556,-1.858982
notarc_s2_30cm.wav,0,0.000000,-1.363718,-1.627757,-1.53743,-1.643144,-1.636736,-1.633371,-1.790842,-1.742586,-1.980045,-1.871134,-2.111057,-2.178404,-1.904162,-1.878524,-1.887648,-2.051412,-2.278421,-1.870362,-2.23051,-2.006882,-1.832019,-1.886092,-1.662775,-1.747687,-1.678237,-1.906357,-1.836438,-1.598128,-1.672358,-1.93793,-1.748608,-1.429944,-2.24326,-2.344916,-2.11311,-1.932248,-2.586911,-2.260693,-2.23404,-2.266865,-2.103357,-2.161327,-2.344151,-2.575463,-2.117557,-2.312164,-2.172839,-2.072609,-2.319261,-2.277177,-2.030769,-1.77434,-1.747053,-1.926502,-1.805897,-2.014548,-1.641675,-1.907548,-1.61501,-1.590604,-1.926298,-2.104132,-1.85204,-2.054559,-1.905063,-1.918072,-1.850843,-2.16284,-2.061,-1.8932,-1.875848,-2.052562,-1.93863,-1.901179,-1.849148,-2.136569,-2.484644,-2.160768,-1.988023,-1.972714,-1.942523,-2.056528,-1.527239,-1.773651,-1.642198,-0.9444448,-0.4226274,-0.4113574,-2.353482
real_s1_room.wav,0,0.000000,-1.527153,-1.62257,-1.665868,-1.548115,-1.549267,-1.712239,-1.791549,-1.590875,-1.731033,-1.664404,-1.66031,-1.713877,-1.747123,-1.992169,-1.976955,-1.987499,-1.779852,-1.474741,-1.834919,-1.698353,-2.117899,-1.914283,-1.7492,-1.550068,-1.799166,-1.761837,-1.832366,-1.64193,-2.057013,-2.001945,-1.859178,-1.749903,-1.862439,-1.79609,-2.039065,-1.853835,-1.929724,-1.801592,-2.023612,-2.17822,-1.968269,-1.922941,-2.044255,-1.840176,-1.990945,-1.900974,-1.938961,-1.975153,-2.03916,-2.109418,-2.149784,-2.016716,-2.114107,-2.114542,-2.029851,-1.964968,-1.941854,-2.032837,-2.032732,-2.10056,-2.09483,-2.120254,-2.293692,-2.183108,-2.35756,-2.074585,-2.118987,-2.015212,-2.11077,-2.338206,-2.247175,-2.249971,-2.01149,-2.264575,-2.174723,-2.109153,-1.27869,-1.020566,-0.999074,-0.5619806,-1.179088,-1.41795,-0.8817643,-1.35234,-1.478508,-1.504503,-0.9378181,-1.755212,-1.792826
real_s1_room.wav,0,0.000000,-1.27405,-1.483541,-1.54171,-1.393927,-1.609696,-1.597822,-1.43954,-1.485103,-1.553233,-1.609015,-1.856315,-1.86093,-1.880846,-1.805169,-1.691756,-1.981958,-1.812063,-1.857106,-2.218637,-2.133665,-1.926743,-2.431354,-2.164824,-1.839351,-1.848191,-2.027448,-1.806752,-1.832428,-1.790629,-1.937858,-1.759939,-1.953755,-2.188877,-1.919204,-2.145901,-2.193167,-1.876552,-1.87355,-2.173589,-1.913048,-1.752347,-1.77957,-1.913895,-1.882612,-2.01862,-2.002555,-1.842209,-1.995376,-2.111811,-2.081952,-2.372614,-2.188522,-2.056632,-1.987425,-2.249417,-2.102645,-2.275805,-2.246422,-2.016405,-1.995727,-1.87376,-2.135215,-2.13569,-2.058752,-2.286168,-1.892923,-2.299699,-2.047136,-2.036622,-2.101924,-2.087016,-2.304993,-2.354517,-2.529802,-1.99321,-2.058469,-1.273566,-1.024967,-0.7598413,-0.6870977,-0.8369844,-1.191458,-0.8497397,-1.510042,-1.875718,-1.831246,-1.253677,-2.155655,-1.972972
real_s2_room.wav,0,0.000001,-1.633726,-1.719902,-1.806694,-1.899897,-1.980031,-1.947246,-1.966872,-1.856865,-1.934829,-1.500808,-1.912599,-1.77599,-1.733105,-1.813578,-1.872435,-1.943901,-1.799448,-1.803003,-1.605069,-1.732192,-1.922835,-1.751337,-1.568197,-1.554518,-1.789741,-1.750469,-2.029907,-1.700014,-1.76912,-2.381396,-1.606253,-1.812125,-1.847752,-1.715795,-2.008909,-1.789756,-1.927,-1.872707,-1.880534,-1.901236,-2.028882,-1.758733,-2.085659,-2.072728,-1.94456,-1.849975,-2.103069,-1.989513,-2.158195,-2.198279,-2.19996,-1.909308,-2.176019,-1.960672,-2.094903,-2.147943,-2.04648,-2.018969,-1.834949,-2.199963,-1.985936,-1.802169,-1.787242,-2.047417,-1.937777,-1.930516,-2.11455,-1.983165,-2.273493,-1.888975,-2.182998,-2.155363,-1.969103,-2.018695,-1.978238,-1.9543,-1.205928,-0.737724,-0.8229194,-0.9599165,-1.103576,-1.201776,-1.182986,-1.259124,-1.180261,-1.44996,-0.9363607,-1.81709,-1.740726
real_s2_room.wav,0,0.000000,-1.070836,-1.259807,-1.168599,-1.382576,-1.405218,-1.300267,-1.751705,-1.727939,-1.709235,-1.475964,-1.826485,-2.038936,-1.647916,-1.679896,-1.607231,-1.862657,-1.927762,-2.310984,-1.939359,-2.262023,-2.041876,-2.112615,-2.010144,-2.158675,-2.067966,-1.941118,-1.888158,-2.08587,-2.021702,-2.041176,-2.175266,-2.309751,-2.344546,-2.0508,-2.133926,-1.814213,-1.760432,-1.910365,-1.939136,-1.708674,-2.099303,-2.091914,-1.932062,-2.010894,-2.106898,-2.269719,-2.135505,-2.226559,-1.845628,-1.928374,-2.095873,-2.299164,-2.235666,-2.304667,-2.322098,-2.275278,-2.45208,-1.955579,-2.085953,-2.448793,-2.54556,-2.44011,-2.433617,-1.974583,-2.510539,-2.463001,-2.454634,-2.252972,-2.278938,-2.549804,-2.580524,-2.177163,-2.144509,-2.08653,-2.227259,-2.252177,-1.731605,-1.42179,-1.562804,-1.509801,-1.571,-1.366449,-0.7030819,-0.3600245,-0.8818244,-1.704559,-1.557446,-2.67268,-1.763049
